Metric,Value
Annual Return,0.2402325244058804
Annual Volatility,0.2640961680816925
Sharpe Ratio,0.9096403259117701
Maximum Drawdown,-0.3526336852247848
